Workbook

Sheet Final
A1: SKU | B1: Description | C1: Collection | D1: Vendor Number | E1: From Ilsy | F1: Manual by Vendor | G1: Gartman Default | H1: Shipping Days | I1: FINAL | J1: SF per Pallet | K1: Pallets per Container
A2: ABBO1027 | B2: =IFERROR(VLOOKUP(A2,'From Ilsy'!$A$2:$C$1406,3,FALSE),"") | C2: =IFERROR(VLOOKUP(A2,'From Ilsy'!$A$2:$B$1406,2,FALSE),"") | D2: 216 | E2: =IFERROR(VLOOKUP(A2,'From Ilsy'!$A$2:$D$1406,4,FALSE),999999) -> 999999 | F2: =IF(E2=999999,VLOOKUP(D2,'Manual by Vendor'!$A$2:$C$295,3,FALSE),E2) -> 84 | G2: =VLOOKUP(A2,Query2[[00001]:[IMLT]],2,FALSE) -> 14 | I2: =IF(E2=999999,IF(F2=999999,G2,F2),E2) -> 84
A3: ABBO1028 | B3: =IFERROR(VLOOKUP(A3,'From Ilsy'!$A$2:$C$1406,3,FALSE),"") | C3: =IFERROR(VLOOKUP(A3,'From Ilsy'!$A$2:$B$1406,2,FALSE),"") | D3: 216 | E3: =IFERROR(VLOOKUP(A3,'From Ilsy'!$A$2:$D$1406,4,FALSE),999999) -> 999999 | F3: =IF(E3=999999,VLOOKUP(D3,'Manual by Vendor'!$A$2:$C$295,3,FALSE),E3) -> 84 | G3: =VLOOKUP(A3,Query2[[00001]:[IMLT]],2,FALSE) -> 36 | I3: =IF(E3=999999,IF(F3=999999,G3,F3),E3) -> 84
A4: ABGS88561 | B4: =IFERROR(VLOOKUP(A4,'From Ilsy'!$A$2:$C$1406,3,FALSE),"") | C4: =IFERROR(VLOOKUP(A4,'From Ilsy'!$A$2:$B$1406,2,FALSE),"") | D4: 3 | E4: =IFERROR(VLOOKUP(A4,'From Ilsy'!$A$2:$D$1406,4,FALSE),999999) -> 999999 | F4: =IF(E4=999999,VLOOKUP(D4,'Manual by Vendor'!$A$2:$C$295,3,FALSE),E4) -> 14 | G4: =VLOOKUP(A4,Query2[[00001]:[IMLT]],2,FALSE) -> 0 | I4: =IF(E4=999999,IF(F4=999999,G4,F4),E4) -> 14
A5: ABGS88562 | B5: =IFERROR(VLOOKUP(A5,'From Ilsy'!$A$2:$C$1406,3,FALSE),"") | C5: =IFERROR(VLOOKUP(A5,'From Ilsy'!$A$2:$B$1406,2,FALSE),"") | D5: 3 | E5: =IFERROR(VLOOKUP(A5,'From Ilsy'!$A$2:$D$1406,4,FALSE),999999) -> 999999 | F5: =IF(E5=999999,VLOOKUP(D5,'Manual by Vendor'!$A$2:$C$295,3,FALSE),E5) -> 14 | G5: =VLOOKUP(A5,Query2[[00001]:[IMLT]],2,FALSE) -> 7 | I5: =IF(E5=999999,IF(F5=999999,G5,F5),E5) -> 14
A6: ABGS88638 | B6: =IFERROR(VLOOKUP(A6,'From Ilsy'!$A$2:$C$1406,3,FALSE),"") | C6: =IFERROR(VLOOKUP(A6,'From Ilsy'!$A$2:$B$1406,2,FALSE),"") | D6: 3 | E6: =IFERROR(VLOOKUP(A6,'From Ilsy'!$A$2:$D$1406,4,FALSE),999999) -> 999999 | F6: =IF(E6=999999,VLOOKUP(D6,'Manual by Vendor'!$A$2:$C$295,3,FALSE),E6) -> 14 | G6: =VLOOKUP(A6,Query2[[00001]:[IMLT]],2,FALSE) -> 21 | I6: =IF(E6=999999,IF(F6=999999,G6,F6),E6) -> 14
A7: ABGS88639 | B7: =IFERROR(VLOOKUP(A7,'From Ilsy'!$A$2:$C$1406,3,FALSE),"") | C7: =IFERROR(VLOOKUP(A7,'From Ilsy'!$A$2:$B$1406,2,FALSE),"") | D7: 3 | E7: =IFERROR(VLOOKUP(A7,'From Ilsy'!$A$2:$D$1406,4,FALSE),999999) -> 999999 | F7: =IF(E7=999999,VLOOKUP(D7,'Manual by Vendor'!$A$2:$C$295,3,FALSE),E7) -> 14 | G7: =VLOOKUP(A7,Query2[[00001]:[IMLT]],2,FALSE) -> 18 | I7: =IF(E7=999999,IF(F7=999999,G7,F7),E7) -> 14
A8: ACBUP809 | B8: =IFERROR(VLOOKUP(A8,'From Ilsy'!$A$2:$C$1406,3,FALSE),"") | C8: =IFERROR(VLOOKUP(A8,'From Ilsy'!$A$2:$B$1406,2,FALSE),"") | D8: 272 | E8: =IFERROR(VLOOKUP(A8,'From Ilsy'!$A$2:$D$1406,4,FALSE),999999) -> 999999 | F8: =IF(E8=999999,VLOOKUP(D8,'Manual by Vendor'!$A$2:$C$295,3,FALSE),E8) -> 14 | G8: =VLOOKUP(A8,Query2[[00001]:[IMLT]],2,FALSE) -> 25 | I8: =IF(E8=999999,IF(F8=999999,G8,F8),E8) -> 14
A9: ACBU13000U | B9: =IFERROR(VLOOKUP(A9,'From Ilsy'!$A$2:$C$1406,3,FALSE),"") | C9: =IFERROR(VLOOKUP(A9,'From Ilsy'!$A$2:$B$1406,2,FALSE),"") | D9: 3 | E9: =IFERROR(VLOOKUP(A9,'From Ilsy'!$A$2:$D$1406,4,FALSE),999999) -> 999999 | F9: =IF(E9=999999,VLOOKUP(D9,'Manual by Vendor'!$A$2:$C$295,3,FALSE),E9) -> 14 | G9: =VLOOKUP(A9,Query2[[00001]:[IMLT]],2,FALSE) -> 0 | I9: =IF(E9=999999,IF(F9=999999,G9,F9),E9) -> 14
A10: ACBU16000U | B10: =IFERROR(VLOOKUP(A10,'From Ilsy'!$A$2:$C$1406,3,FALSE),"") | C10: =IFERROR(VLOOKUP(A10,'From Ilsy'!$A$2:$B$1406,2,FALSE),"") | D10: 1677 | E10: =IFERROR(VLOOKUP(A10,'From Ilsy'!$A$2:$D$1406,4,FALSE),999999) -> 999999 | F10: =IF(E10=999999,VLOOKUP(D10,'Manual by Vendor'!$A$2:$C$295,3,FALSE),E10) -> 14 | G10: =VLOOKUP(A10,Query2[[00001]:[IMLT]],2,FALSE) -> 0 | I10: =IF(E10=999999,IF(F10=999999,G10,F10),E10) -> 14
A11: ACCVPBPVO7M | B11: =IFERROR(VLOOKUP(A11,'From Ilsy'!$A$2:$C$1406,3,FALSE),"") | C11: =IFERROR(VLOOKUP(A11,'From Ilsy'!$A$2:$B$1406,2,FALSE),"") | D11: 0 | E11: =IFERROR(VLOOKUP(A11,'From Ilsy'!$A$2:$D$1406,4,FALSE),999999) -> 999999 | F11: =IF(E11=999999,VLOOKUP(D11,'Manual by Vendor'!$A$2:$C$295,3,FALSE),E11) -> 999999 | G11: =VLOOKUP(A11,Query2[[00001]:[IMLT]],2,FALSE) -> 0 | I11: =IF(E11=999999,IF(F11=999999,G11,F11),E11) -> 0
A12: ACCVPBPVO8 | B12: =IFERROR(VLOOKUP(A12,'From Ilsy'!$A$2:$C$1406,3,FALSE),"") | C12: =IFERROR(VLOOKUP(A12,'From Ilsy'!$A$2:$B$1406,2,FALSE),"") | D12: 0 | E12: =IFERROR(VLOOKUP(A12,'From Ilsy'!$A$2:$D$1406,4,FALSE),999999) -> 999999 | F12: =IF(E12=999999,VLOOKUP(D12,'Manual by Vendor'!$A$2:$C$295,3,FALSE),E12) -> 999999 | G12: =VLOOKUP(A12,Query2[[00001]:[IMLT]],2,FALSE) -> 0 | I12: =IF(E12=999999,IF(F12=999999,G12,F12),E12) -> 0
A13: ACCV100713 | B13: =IFERROR(VLOOKUP(A13,'From Ilsy'!$A$2:$C$1406,3,FALSE),"") | C13: =IFERROR(VLOOKUP(A13,'From Ilsy'!$A$2:$B$1406,2,FALSE),"") | D13: 608 | E13: =IFERROR(VLOOKUP(A13,'From Ilsy'!$A$2:$D$1406,4,FALSE),999999) -> 999999 | F13: =IF(E13=999999,VLOOKUP(D13,'Manual by Vendor'!$A$2:$C$295,3,FALSE),E13) -> 999999 | G13: =VLOOKUP(A13,Query2[[00001]:[IMLT]],2,FALSE) -> 0 | I13: =IF(E13=999999,IF(F13=999999,G13,F13),E13) -> 0
... A260: CLST47804 | B260: =IFERROR(VLOOKUP(A260,'From Ilsy'!$A$2:$C$1406,3,FALSE),"") | C260: =IFERROR(VLOOKUP(A260,'From Ilsy'!$A$2:$B$1406,2,FALSE),"") | D260: 1929 | E260: =IFERROR(VLOOKUP(A260,'From Ilsy'!$A$2:$D$1406,4,FALSE),999999) -> 999999 | F260: =IF(E260=999999,VLOOKUP(D260,'Manual by Vendor'!$A$2:$C$295,3,FALSE),E260) -> 21 | G260: =VLOOKUP(A260,Query2[[00001]:[IMLT]],2,FALSE) -> 0 | I260: =IF(E260=999999,IF(F260=999999,G260,F260),E260) -> 21
A261: CWO314 SG | B261: =IFERROR(VLOOKUP(A261,'From Ilsy'!$A$2:$C$1406,3,FALSE),"") | C261: =IFERROR(VLOOKUP(A261,'From Ilsy'!$A$2:$B$1406,2,FALSE),"") | D261: 999999 | E261: =IFERROR(VLOOKUP(A261,'From Ilsy'!$A$2:$D$1406,4,FALSE),999999) -> 999999 | F261: 999999 | G261: =VLOOKUP(A261,Query2[[00001]:[IMLT]],2,FALSE) -> #N/A | I261: =IF(E261=999999,IF(F261=999999,G261,F261),E261) -> #N/A
A262: CWPO105F | B262: =IFERROR(VLOOKUP(A262,'From Ilsy'!$A$2:$C$1406,3,FALSE),"") | C262: =IFERROR(VLOOKUP(A262,'From Ilsy'!$A$2:$B$1406,2,FALSE),"") | D262: 359 | E262: =IFERROR(VLOOKUP(A262,'From Ilsy'!$A$2:$D$1406,4,FALSE),999999) -> 999999 | F262: =IF(E262=999999,VLOOKUP(D262,'Manual by Vendor'!$A$2:$C$295,3,FALSE),E262) -> 999999 | G262: =VLOOKUP(A262,Query2[[00001]:[IMLT]],2,FALSE) -> 2 | I262: =IF(E262=999999,IF(F262=999999,G262,F262),E262) -> 2
A263: CWSO035 HS | B263: =IFERROR(VLOOKUP(A263,'From Ilsy'!$A$2:$C$1406,3,FALSE),"") | C263: =IFERROR(VLOOKUP(A263,'From Ilsy'!$A$2:$B$1406,2,FALSE),"") | D263: 359 | E263: =IFERROR(VLOOKUP(A263,'From Ilsy'!$A$2:$D$1406,4,FALSE),999999) -> 999999 | F263: =IF(E263=999999,VLOOKUP(D263,'Manual by Vendor'!$A$2:$C$295,3,FALSE),E263) -> 999999 | G263: =VLOOKUP(A263,Query2[[00001]:[IMLT]],2,FALSE) -> 2 | I263: =IF(E263=999999,IF(F263=999999,G263,F263),E263) -> 2
A264: DM3M8210 | B264: =IFERROR(VLOOKUP(A264,'From Ilsy'!$A$2:$C$1406,3,FALSE),"") | C264: =IFERROR(VLOOKUP(A264,'From Ilsy'!$A$2:$B$1406,2,FALSE),"") | D264: 3 | E264: =IFERROR(VLOOKUP(A264,'From Ilsy'!$A$2:$D$1406,4,FALSE),999999) -> 999999 | F264: =IF(E264=999999,VLOOKUP(D264,'Manual by Vendor'!$A$2:$C$295,3,FALSE),E264) -> 14 | G264: =VLOOKUP(A264,Query2[[00001]:[IMLT]],2,FALSE) -> 6 | I264: =IF(E264=999999,IF(F264=999999,G264,F264),E264) -> 14
A265: DM3M8500 | B265: =IFERROR(VLOOKUP(A265,'From Ilsy'!$A$2:$C$1406,3,FALSE),"") | C265: =IFERROR(VLOOKUP(A265,'From Ilsy'!$A$2:$B$1406,2,FALSE),"") | D265: 3 | E265: =IFERROR(VLOOKUP(A265,'From Ilsy'!$A$2:$D$1406,4,FALSE),999999) -> 999999 | F265: =IF(E265=999999,VLOOKUP(D265,'Manual by Vendor'!$A$2:$C$295,3,FALSE),E265) -> 14 | G265: =VLOOKUP(A265,Query2[[00001]:[IMLT]],2,FALSE) -> 3 | I265: =IF(E265=999999,IF(F265=999999,G265,F265),E265) -> 14
A266: DM3M8511 | B266: =IFERROR(VLOOKUP(A266,'From Ilsy'!$A$2:$C$1406,3,FALSE),"") | C266: =IFERROR(VLOOKUP(A266,'From Ilsy'!$A$2:$B$1406,2,FALSE),"") | D266: 3 | E266: =IFERROR(VLOOKUP(A266,'From Ilsy'!$A$2:$D$1406,4,FALSE),999999) -> 999999 | F266: =IF(E266=999999,VLOOKUP(D266,'Manual by Vendor'!$A$2:$C$295,3,FALSE),E266) -> 14 | G266: =VLOOKUP(A266,Query2[[00001]:[IMLT]],2,FALSE) -> 0 | I266: =IF(E266=999999,IF(F266=999999,G266,F266),E266) -> 14
A267: DP3M12100 | B267: =IFERROR(VLOOKUP(A267,'From Ilsy'!$A$2:$C$1406,3,FALSE),"") | C267: =IFERROR(VLOOKUP(A267,'From Ilsy'!$A$2:$B$1406,2,FALSE),"") | D267: 3 | E267: =IFERROR(VLOOKUP(A267,'From Ilsy'!$A$2:$D$1406,4,FALSE),999999) -> 999999 | F267: =IF(E267=999999,VLOOKUP(D267,'Manual by Vendor'!$A$2:$C$295,3,FALSE),E267) -> 14 | G267: =VLOOKUP(A267,Query2[[00001]:[IMLT]],2,FALSE) -> 18 | I267: =IF(E267=999999,IF(F267=999999,G267,F267),E267) -> 14
A268: DP3M1212 | B268: =IFERROR(VLOOKUP(A268,'From Ilsy'!$A$2:$C$1406,3,FALSE),"") | C268: =IFERROR(VLOOKUP(A268,'From Ilsy'!$A$2:$B$1406,2,FALSE),"") | D268: 3 | E268: =IFERROR(VLOOKUP(A268,'From Ilsy'!$A$2:$D$1406,4,FALSE),999999) -> 999999 | F268: =IF(E268=999999,VLOOKUP(D268,'Manual by Vendor'!$A$2:$C$295,3,FALSE),E268) -> 14 | G268: =VLOOKUP(A268,Query2[[00001]:[IMLT]],2,FALSE) -> 14 | I268: =IF(E268=999999,IF(F268=999999,G268,F268),E268) -> 14
A269: DP3M12120 | B269: =IFERROR(VLOOKUP(A269,'From Ilsy'!$A$2:$C$1406,3,FALSE),"") | C269: =IFERROR(VLOOKUP(A269,'From Ilsy'!$A$2:$B$1406,2,FALSE),"") | D269: 3 | E269: =IFERROR(VLOOKUP(A269,'From Ilsy'!$A$2:$D$1406,4,FALSE),999999) -> 999999 | F269: =IF(E269=999999,VLOOKUP(D269,'Manual by Vendor'!$A$2:$C$295,3,FALSE),E269) -> 14 | G269: =VLOOKUP(A269,Query2[[00001]:[IMLT]],2,FALSE) -> 28 | I269: =IF(E269=999999,IF(F269=999999,G269,F269),E269) -> 14
A270: DP3M12150 | B270: =IFERROR(VLOOKUP(A270,'From Ilsy'!$A$2:$C$1406,3,FALSE),"") | C270: =IFERROR(VLOOKUP(A270,'From Ilsy'!$A$2:$B$1406,2,FALSE),"") | D270: 3 | E270: =IFERROR(VLOOKUP(A270,'From Ilsy'!$A$2:$D$1406,4,FALSE),999999) -> 999999 | F270: =IF(E270=999999,VLOOKUP(D270,'Manual by Vendor'!$A$2:$C$295,3,FALSE),E270) -> 14 | G270: =VLOOKUP(A270,Query2[[00001]:[IMLT]],2,FALSE) -> 9 | I270: =IF(E270=999999,IF(F270=999999,G270,F270),E270) -> 14
A271: DP3M1216 | B271: =IFERROR(VLOOKUP(A271,'From Ilsy'!$A$2:$C$1406,3,FALSE),"") | C271: =IFERROR(VLOOKUP(A271,'From Ilsy'!$A$2:$B$1406,2,FALSE),"") | D271: 3 | E271: =IFERROR(VLOOKUP(A271,'From Ilsy'!$A$2:$D$1406,4,FALSE),999999) -> 999999 | F271: =IF(E271=999999,VLOOKUP(D271,'Manual by Vendor'!$A$2:$C$295,3,FALSE),E271) -> 14 | G271: =VLOOKUP(A271,Query2[[00001]:[IMLT]],2,FALSE) -> 29 | I271: =IF(E271=999999,IF(F271=999999,G271,F271),E271) -> 14
A272: DP3M1230 | B272: =IFERROR(VLOOKUP(A272,'From Ilsy'!$A$2:$C$1406,3,FALSE),"") | C272: =IFERROR(VLOOKUP(A272,'From Ilsy'!$A$2:$B$1406,2,FALSE),"") | D272: 3 | E272: =IFERROR(VLOOKUP(A272,'From Ilsy'!$A$2:$D$1406,4,FALSE),999999) -> 999999 | F272: =IF(E272=999999,VLOOKUP(D272,'Manual by Vendor'!$A$2:$C$295,3,FALSE),E272) -> 14 | G272: =VLOOKUP(A272,Query2[[00001]:[IMLT]],2,FALSE) -> 32 | I272: =IF(E272=999999,IF(F272=999999,G272,F272),E272) -> 14
A273: DP3M1236 | B273: =IFERROR(VLOOKUP(A273,'From Ilsy'!$A$2:$C$1406,3,FALSE),"") | C273: =IFERROR(VLOOKUP(A273,'From Ilsy'!$A$2:$B$1406,2,FALSE),"") | D273: 3 | E273: =IFERROR(VLOOKUP(A273,'From Ilsy'!$A$2:$D$1406,4,FALSE),999999) -> 999999 | F273: =IF(E273=999999,VLOOKUP(D273,'Manual by Vendor'!$A$2:$C$295,3,FALSE),E273) -> 14 | G273: =VLOOKUP(A273,Query2[[00001]:[IMLT]],2,FALSE) -> 6 | I273: =IF(E273=999999,IF(F273=999999,G273,F273),E273) -> 14
... A765: GCRACK | B765: =IFERROR(VLOOKUP(A765,'From Ilsy'!$A$2:$C$1406,3,FALSE),"") | C765: =IFERROR(VLOOKUP(A765,'From Ilsy'!$A$2:$B$1406,2,FALSE),"") | D765: 0 | E765: =IFERROR(VLOOKUP(A765,'From Ilsy'!$A$2:$D$1406,4,FALSE),999999) -> 999999 | F765: =IF(E765=999999,VLOOKUP(D765,'Manual by Vendor'!$A$2:$C$295,3,FALSE),E765) -> 999999 | G765: =VLOOKUP(A765,Query2[[00001]:[IMLT]],2,FALSE) -> 25 | I765: =IF(E765=999999,IF(F765=999999,G765,F765),E765) -> 25
A766: GCRACK B | B766: =IFERROR(VLOOKUP(A766,'From Ilsy'!$A$2:$C$1406,3,FALSE),"") | C766: =IFERROR(VLOOKUP(A766,'From Ilsy'!$A$2:$B$1406,2,FALSE),"") | D766: 999999 | E766: =IFERROR(VLOOKUP(A766,'From Ilsy'!$A$2:$D$1406,4,FALSE),999999) -> 999999 | F766: 999999 | G766: =VLOOKUP(A766,Query2[[00001]:[IMLT]],2,FALSE) -> #N/A | I766: =IF(E766=999999,IF(F766=999999,G766,F766),E766) -> #N/A
A767: GCRACK HB | B767: =IFERROR(VLOOKUP(A767,'From Ilsy'!$A$2:$C$1406,3,FALSE),"") | C767: =IFERROR(VLOOKUP(A767,'From Ilsy'!$A$2:$B$1406,2,FALSE),"") | D767: 999999 | E767: =IFERROR(VLOOKUP(A767,'From Ilsy'!$A$2:$D$1406,4,FALSE),999999) -> 999999 | F767: 999999 | G767: =VLOOKUP(A767,Query2[[00001]:[IMLT]],2,FALSE) -> #N/A | I767: =IF(E767=999999,IF(F767=999999,G767,F767),E767) -> #N/A
A768: GCREBN00 | B768: =IFERROR(VLOOKUP(A768,'From Ilsy'!$A$2:$C$1406,3,FALSE),"") | C768: =IFERROR(VLOOKUP(A768,'From Ilsy'!$A$2:$B$1406,2,FALSE),"") | D768: 0 | E768: =IFERROR(VLOOKUP(A768,'From Ilsy'!$A$2:$D$1406,4,FALSE),999999) -> 999999 | F768: =IF(E768=999999,VLOOKUP(D768,'Manual by Vendor'!$A$2:$C$295,3,FALSE),E768) -> 999999 | G768: =VLOOKUP(A768,Query2[[00001]:[IMLT]],2,FALSE) -> 0 | I768: =IF(E768=999999,IF(F768=999999,G768,F768),E768) -> 0
A769: GCRECH03 | B769: =IFERROR(VLOOKUP(A769,'From Ilsy'!$A$2:$C$1406,3,FALSE),"") | C769: =IFERROR(VLOOKUP(A769,'From Ilsy'!$A$2:$B$1406,2,FALSE),"") | D769: 1611 | E769: =IFERROR(VLOOKUP(A769,'From Ilsy'!$A$2:$D$1406,4,FALSE),999999) -> 999999 | F769: =IF(E769=999999,VLOOKUP(D769,'Manual by Vendor'!$A$2:$C$295,3,FALSE),E769) -> 8 | G769: =VLOOKUP(A769,Query2[[00001]:[IMLT]],2,FALSE) -> 80 | I769: =IF(E769=999999,IF(F769=999999,G769,F769),E769) -> 8
A770: GCRECH05 | B770: =IFERROR(VLOOKUP(A770,'From Ilsy'!$A$2:$C$1406,3,FALSE),"") | C770: =IFERROR(VLOOKUP(A770,'From Ilsy'!$A$2:$B$1406,2,FALSE),"") | D770: 1611 | E770: =IFERROR(VLOOKUP(A770,'From Ilsy'!$A$2:$D$1406,4,FALSE),999999) -> 999999 | F770: =IF(E770=999999,VLOOKUP(D770,'Manual by Vendor'!$A$2:$C$295,3,FALSE),E770) -> 8 | G770: =VLOOKUP(A770,Query2[[00001]:[IMLT]],2,FALSE) -> 3 | I770: =IF(E770=999999,IF(F770=999999,G770,F770),E770) -> 8
A771: GCRECH11 | B771: =IFERROR(VLOOKUP(A771,'From Ilsy'!$A$2:$C$1406,3,FALSE),"") | C771: =IFERROR(VLOOKUP(A771,'From Ilsy'!$A$2:$B$1406,2,FALSE),"") | D771: 1611 | E771: =IFERROR(VLOOKUP(A771,'From Ilsy'!$A$2:$D$1406,4,FALSE),999999) -> 999999 | F771: =IF(E771=999999,VLOOKUP(D771,'Manual by Vendor'!$A$2:$C$295,3,FALSE),E771) -> 8 | G771: =VLOOKUP(A771,Query2[[00001]:[IMLT]],2,FALSE) -> 80 | I771: =IF(E771=999999,IF(F771=999999,G771,F771),E771) -> 8
A772: GCRECH18 | B772: =IFERROR(VLOOKUP(A772,'From Ilsy'!$A$2:$C$1406,3,FALSE),"") | C772: =IFERROR(VLOOKUP(A772,'From Ilsy'!$A$2:$B$1406,2,FALSE),"") | D772: 1611 | E772: =IFERROR(VLOOKUP(A772,'From Ilsy'!$A$2:$D$1406,4,FALSE),999999) -> 999999 | F772: =IF(E772=999999,VLOOKUP(D772,'Manual by Vendor'!$A$2:$C$295,3,FALSE),E772) -> 8 | G772: =VLOOKUP(A772,Query2[[00001]:[IMLT]],2,FALSE) -> 0 | I772: =IF(E772=999999,IF(F772=999999,G772,F772),E772) -> 8
A773: GCRECH24 | B773: =IFERROR(VLOOKUP(A773,'From Ilsy'!$A$2:$C$1406,3,FALSE),"") | C773: =IFERROR(VLOOKUP(A773,'From Ilsy'!$A$2:$B$1406,2,FALSE),"") | D773: 1611 | E773: =IFERROR(VLOOKUP(A773,'From Ilsy'!$A$2:$D$1406,4,FALSE),999999) -> 999999 | F773: =IF(E773=999999,VLOOKUP(D773,'Manual by Vendor'!$A$2:$C$295,3,FALSE),E773) -> 8 | G773: =VLOOKUP(A773,Query2[[00001]:[IMLT]],2,FALSE) -> 6 | I773: =IF(E773=999999,IF(F773=999999,G773,F773),E773) -> 8
A774: GCRECH30 | B774: =IFERROR(VLOOKUP(A774,'From Ilsy'!$A$2:$C$1406,3,FALSE),"") | C774: =IFERROR(VLOOKUP(A774,'From Ilsy'!$A$2:$B$1406,2,FALSE),"") | D774: 1611 | E774: =IFERROR(VLOOKUP(A774,'From Ilsy'!$A$2:$D$1406,4,FALSE),999999) -> 999999 | F774: =IF(E774=999999,VLOOKUP(D774,'Manual by Vendor'!$A$2:$C$295,3,FALSE),E774) -> 8 | G774: =VLOOKUP(A774,Query2[[00001]:[IMLT]],2,FALSE) -> 0 | I774: =IF(E774=999999,IF(F774=999999,G774,F774),E774) -> 8
A775: GCRECH38 | B775: =IFERROR(VLOOKUP(A775,'From Ilsy'!$A$2:$C$1406,3,FALSE),"") | C775: =IFERROR(VLOOKUP(A775,'From Ilsy'!$A$2:$B$1406,2,FALSE),"") | D775: 1611 | E775: =IFERROR(VLOOKUP(A775,'From Ilsy'!$A$2:$D$1406,4,FALSE),999999) -> 999999 | F775: =IF(E775=999999,VLOOKUP(D775,'Manual by Vendor'!$A$2:$C$295,3,FALSE),E775) -> 8 | G775: =VLOOKUP(A775,Query2[[00001]:[IMLT]],2,FALSE) -> 13 | I775: =IF(E775=999999,IF(F775=999999,G775,F775),E775) -> 8
A776: GCRECH99 | B776: =IFERROR(VLOOKUP(A776,'From Ilsy'!$A$2:$C$1406,3,FALSE),"") | C776: =IFERROR(VLOOKUP(A776,'From Ilsy'!$A$2:$B$1406,2,FALSE),"") | D776: 1611 | E776: =IFERROR(VLOOKUP(A776,'From Ilsy'!$A$2:$D$1406,4,FALSE),999999) -> 999999 | F776: =IF(E776=999999,VLOOKUP(D776,'Manual by Vendor'!$A$2:$C$295,3,FALSE),E776) -> 8 | G776: =VLOOKUP(A776,Query2[[00001]:[IMLT]],2,FALSE) -> 9 | I776: =IF(E776=999999,IF(F776=999999,G776,F776),E776) -> 8
A777: GCREHH12 | B777: =IFERROR(VLOOKUP(A777,'From Ilsy'!$A$2:$C$1406,3,FALSE),"") | C777: =IFERROR(VLOOKUP(A777,'From Ilsy'!$A$2:$B$1406,2,FALSE),"") | D777: 2401 | E777: =IFERROR(VLOOKUP(A777,'From Ilsy'!$A$2:$D$1406,4,FALSE),999999) -> 999999 | F777: =IF(E777=999999,VLOOKUP(D777,'Manual by Vendor'!$A$2:$C$295,3,FALSE),E777) -> 999999 | G777: =VLOOKUP(A777,Query2[[00001]:[IMLT]],2,FALSE) -> 0 | I777: =IF(E777=999999,IF(F777=999999,G777,F777),E777) -> 0
A778: GCREHH14 | B778: =IFERROR(VLOOKUP(A778,'From Ilsy'!$A$2:$C$1406,3,FALSE),"") | C778: =IFERROR(VLOOKUP(A778,'From Ilsy'!$A$2:$B$1406,2,FALSE),"") | D778: 2401 | E778: =IFERROR(VLOOKUP(A778,'From Ilsy'!$A$2:$D$1406,4,FALSE),999999) -> 999999 | F778: =IF(E778=999999,VLOOKUP(D778,'Manual by Vendor'!$A$2:$C$295,3,FALSE),E778) -> 999999 | G778: =VLOOKUP(A778,Query2[[00001]:[IMLT]],2,FALSE) -> 0 | I778: =IF(E778=999999,IF(F778=999999,G778,F778),E778) -> 0
A779: GCREHH15 | B779: =IFERROR(VLOOKUP(A779,'From Ilsy'!$A$2:$C$1406,3,FALSE),"") | C779: =IFERROR(VLOOKUP(A779,'From Ilsy'!$A$2:$B$1406,2,FALSE),"") | D779: 2401 | E779: =IFERROR(VLOOKUP(A779,'From Ilsy'!$A$2:$D$1406,4,FALSE),999999) -> 999999 | F779: =IF(E779=999999,VLOOKUP(D779,'Manual by Vendor'!$A$2:$C$295,3,FALSE),E779) -> 999999 | G779: =VLOOKUP(A779,Query2[[00001]:[IMLT]],2,FALSE) -> 0 | I779: =IF(E779=999999,IF(F779=999999,G779,F779),E779) -> 0
... A2623: YHS9801 | B2623: =IFERROR(VLOOKUP(A2623,'From Ilsy'!$A$2:$C$1406,3,FALSE),"") | C2623: =IFERROR(VLOOKUP(A2623,'From Ilsy'!$A$2:$B$1406,2,FALSE),"") | D2623: 2501 | E2623: =IFERROR(VLOOKUP(A2623,'From Ilsy'!$A$2:$D$1406,4,FALSE),999999) -> 999999 | F2623: =IF(E2623=999999,VLOOKUP(D2623,'Manual by Vendor'!$A$2:$C$295,3,FALSE),E2623) -> 999999 | G2623: =VLOOKUP(A2623,Query2[[00001]:[IMLT]],2,FALSE) -> 0 | I2623: =IF(E2623=999999,IF(F2623=999999,G2623,F2623),E2623) -> 0
A2624: FINANCECHG | B2624: =IFERROR(VLOOKUP(A2624,'From Ilsy'!$A$2:$C$1406,3,FALSE),"") | C2624: =IFERROR(VLOOKUP(A2624,'From Ilsy'!$A$2:$B$1406,2,FALSE),"") | D2624: 999999 | E2624: =IFERROR(VLOOKUP(A2624,'From Ilsy'!$A$2:$D$1406,4,FALSE),999999) -> 999999 | F2624: 999999 | G2624: =VLOOKUP(A2624,Query2[[00001]:[IMLT]],2,FALSE) -> 0 | I2624: =IF(E2624=999999,IF(F2624=999999,G2624,F2624),E2624) -> 0
A2625: GCSBIIM5CH | B2625: =IFERROR(VLOOKUP(A2625,'From Ilsy'!$A$2:$C$1406,3,FALSE),"") | C2625: =IFERROR(VLOOKUP(A2625,'From Ilsy'!$A$2:$B$1406,2,FALSE),"") | D2625: 0 | E2625: =IFERROR(VLOOKUP(A2625,'From Ilsy'!$A$2:$D$1406,4,FALSE),999999) -> 999999 | F2625: =IF(E2625=999999,VLOOKUP(D2625,'Manual by Vendor'!$A$2:$C$295,3,FALSE),E2625) -> 999999 | G2625: =VLOOKUP(A2625,Query2[[00001]:[IMLT]],2,FALSE) -> 0 | I2625: =IF(E2625=999999,IF(F2625=999999,G2625,F2625),E2625) -> 0
A2626: GCSBIIM5EX | B2626: =IFERROR(VLOOKUP(A2626,'From Ilsy'!$A$2:$C$1406,3,FALSE),"") | C2626: =IFERROR(VLOOKUP(A2626,'From Ilsy'!$A$2:$B$1406,2,FALSE),"") | D2626: 0 | E2626: =IFERROR(VLOOKUP(A2626,'From Ilsy'!$A$2:$D$1406,4,FALSE),999999) -> 999999 | F2626: =IF(E2626=999999,VLOOKUP(D2626,'Manual by Vendor'!$A$2:$C$295,3,FALSE),E2626) -> 999999 | G2626: =VLOOKUP(A2626,Query2[[00001]:[IMLT]],2,FALSE) -> 0 | I2626: =IF(E2626=999999,IF(F2626=999999,G2626,F2626),E2626) -> 0
A2627: GCSBIIM5HA | B2627: =IFERROR(VLOOKUP(A2627,'From Ilsy'!$A$2:$C$1406,3,FALSE),"") | C2627: =IFERROR(VLOOKUP(A2627,'From Ilsy'!$A$2:$B$1406,2,FALSE),"") | D2627: 0 | E2627: =IFERROR(VLOOKUP(A2627,'From Ilsy'!$A$2:$D$1406,4,FALSE),999999) -> 999999 | F2627: =IF(E2627=999999,VLOOKUP(D2627,'Manual by Vendor'!$A$2:$C$295,3,FALSE),E2627) -> 999999 | G2627: =VLOOKUP(A2627,Query2[[00001]:[IMLT]],2,FALSE) -> 0 | I2627: =IF(E2627=999999,IF(F2627=999999,G2627,F2627),E2627) -> 0
A2628: GCSBIIM5WH | B2628: =IFERROR(VLOOKUP(A2628,'From Ilsy'!$A$2:$C$1406,3,FALSE),"") | C2628: =IFERROR(VLOOKUP(A2628,'From Ilsy'!$A$2:$B$1406,2,FALSE),"") | D2628: 0 | E2628: =IFERROR(VLOOKUP(A2628,'From Ilsy'!$A$2:$D$1406,4,FALSE),999999) -> 999999 | F2628: =IF(E2628=999999,VLOOKUP(D2628,'Manual by Vendor'!$A$2:$C$295,3,FALSE),E2628) -> 999999 | G2628: =VLOOKUP(A2628,Query2[[00001]:[IMLT]],2,FALSE) -> 0 | I2628: =IF(E2628=999999,IF(F2628=999999,G2628,F2628),E2628) -> 0
A2629: GCSBIIO5AU | B2629: =IFERROR(VLOOKUP(A2629,'From Ilsy'!$A$2:$C$1406,3,FALSE),"") | C2629: =IFERROR(VLOOKUP(A2629,'From Ilsy'!$A$2:$B$1406,2,FALSE),"") | D2629: 0 | E2629: =IFERROR(VLOOKUP(A2629,'From Ilsy'!$A$2:$D$1406,4,FALSE),999999) -> 999999 | F2629: =IF(E2629=999999,VLOOKUP(D2629,'Manual by Vendor'!$A$2:$C$295,3,FALSE),E2629) -> 999999 | G2629: =VLOOKUP(A2629,Query2[[00001]:[IMLT]],2,FALSE) -> 0 | I2629: =IF(E2629=999999,IF(F2629=999999,G2629,F2629),E2629) -> 0
A2630: GCSBIIW5AN | B2630: =IFERROR(VLOOKUP(A2630,'From Ilsy'!$A$2:$C$1406,3,FALSE),"") | C2630: =IFERROR(VLOOKUP(A2630,'From Ilsy'!$A$2:$B$1406,2,FALSE),"") | D2630: 0 | E2630: =IFERROR(VLOOKUP(A2630,'From Ilsy'!$A$2:$D$1406,4,FALSE),999999) -> 999999 | F2630: =IF(E2630=999999,VLOOKUP(D2630,'Manual by Vendor'!$A$2:$C$295,3,FALSE),E2630) -> 999999 | G2630: =VLOOKUP(A2630,Query2[[00001]:[IMLT]],2,FALSE) -> 0 | I2630: =IF(E2630=999999,IF(F2630=999999,G2630,F2630),E2630) -> 0
A2631: GCSBIIW5NA | B2631: =IFERROR(VLOOKUP(A2631,'From Ilsy'!$A$2:$C$1406,3,FALSE),"") | C2631: =IFERROR(VLOOKUP(A2631,'From Ilsy'!$A$2:$B$1406,2,FALSE),"") | D2631: 0 | E2631: =IFERROR(VLOOKUP(A2631,'From Ilsy'!$A$2:$D$1406,4,FALSE),999999) -> 999999 | F2631: =IF(E2631=999999,VLOOKUP(D2631,'Manual by Vendor'!$A$2:$C$295,3,FALSE),E2631) -> 999999 | G2631: =VLOOKUP(A2631,Query2[[00001]:[IMLT]],2,FALSE) -> 0 | I2631: =IF(E2631=999999,IF(F2631=999999,G2631,F2631),E2631) -> 0
A2632: GCSBIIW5SA | B2632: =IFERROR(VLOOKUP(A2632,'From Ilsy'!$A$2:$C$1406,3,FALSE),"") | C2632: =IFERROR(VLOOKUP(A2632,'From Ilsy'!$A$2:$B$1406,2,FALSE),"") | D2632: 0 | E2632: =IFERROR(VLOOKUP(A2632,'From Ilsy'!$A$2:$D$1406,4,FALSE),999999) -> 999999 | F2632: =IF(E2632=999999,VLOOKUP(D2632,'Manual by Vendor'!$A$2:$C$295,3,FALSE),E2632) -> 999999 | G2632: =VLOOKUP(A2632,Query2[[00001]:[IMLT]],2,FALSE) -> 0 | I2632: =IF(E2632=999999,IF(F2632=999999,G2632,F2632),E2632) -> 0
A2633: ZMP1400401 | B2633: =IFERROR(VLOOKUP(A2633,'From Ilsy'!$A$2:$C$1406,3,FALSE),"") | C2633: =IFERROR(VLOOKUP(A2633,'From Ilsy'!$A$2:$B$1406,2,FALSE),"") | D2633: 0 | E2633: =IFERROR(VLOOKUP(A2633,'From Ilsy'!$A$2:$D$1406,4,FALSE),999999) -> 999999 | F2633: =IF(E2633=999999,VLOOKUP(D2633,'Manual by Vendor'!$A$2:$C$295,3,FALSE),E2633) -> 999999 | G2633: =VLOOKUP(A2633,Query2[[00001]:[IMLT]],2,FALSE) -> 0 | I2633: =IF(E2633=999999,IF(F2633=999999,G2633,F2633),E2633) -> 0
A2634: ZMP14G | B2634: =IFERROR(VLOOKUP(A2634,'From Ilsy'!$A$2:$C$1406,3,FALSE),"") | C2634: =IFERROR(VLOOKUP(A2634,'From Ilsy'!$A$2:$B$1406,2,FALSE),"") | D2634: 0 | E2634: =IFERROR(VLOOKUP(A2634,'From Ilsy'!$A$2:$D$1406,4,FALSE),999999) -> 999999 | F2634: =IF(E2634=999999,VLOOKUP(D2634,'Manual by Vendor'!$A$2:$C$295,3,FALSE),E2634) -> 999999 | G2634: =VLOOKUP(A2634,Query2[[00001]:[IMLT]],2,FALSE) -> 0 | I2634: =IF(E2634=999999,IF(F2634=999999,G2634,F2634),E2634) -> 0
A2635: ZMP15F | B2635: =IFERROR(VLOOKUP(A2635,'From Ilsy'!$A$2:$C$1406,3,FALSE),"") | C2635: =IFERROR(VLOOKUP(A2635,'From Ilsy'!$A$2:$B$1406,2,FALSE),"") | D2635: 0 | E2635: =IFERROR(VLOOKUP(A2635,'From Ilsy'!$A$2:$D$1406,4,FALSE),999999) -> 999999 | F2635: =IF(E2635=999999,VLOOKUP(D2635,'Manual by Vendor'!$A$2:$C$295,3,FALSE),E2635) -> 999999 | G2635: =VLOOKUP(A2635,Query2[[00001]:[IMLT]],2,FALSE) -> 0 | I2635: =IF(E2635=999999,IF(F2635=999999,G2635,F2635),E2635) -> 0
A2636: ZMP162007 | B2636: =IFERROR(VLOOKUP(A2636,'From Ilsy'!$A$2:$C$1406,3,FALSE),"") | C2636: =IFERROR(VLOOKUP(A2636,'From Ilsy'!$A$2:$B$1406,2,FALSE),"") | D2636: 0 | E2636: =IFERROR(VLOOKUP(A2636,'From Ilsy'!$A$2:$D$1406,4,FALSE),999999) -> 999999 | F2636: =IF(E2636=999999,VLOOKUP(D2636,'Manual by Vendor'!$A$2:$C$295,3,FALSE),E2636) -> 999999 | G2636: =VLOOKUP(A2636,Query2[[00001]:[IMLT]],2,FALSE) -> 0 | I2636: =IF(E2636=999999,IF(F2636=999999,G2636,F2636),E2636) -> 0
... A3149: MOCOMD460 | B3149: =IFERROR(VLOOKUP(A3149,'From Ilsy'!$A$2:$C$1406,3,FALSE),"") | C3149: =IFERROR(VLOOKUP(A3149,'From Ilsy'!$A$2:$B$1406,2,FALSE),"") | D3149: 502 | E3149: =IFERROR(VLOOKUP(A3149,'From Ilsy'!$A$2:$D$1406,4,FALSE),999999) -> 999999 | F3149: =IF(E3149=999999,VLOOKUP(D3149,'Manual by Vendor'!$A$2:$C$295,3,FALSE),E3149) -> 999999 | G3149: =VLOOKUP(A3149,Query2[[00001]:[IMLT]],2,FALSE) -> 1 | I3149: =IF(E3149=999999,IF(F3149=999999,G3149,F3149),E3149) -> 1
A3150: GNIIB538 | B3150: =IFERROR(VLOOKUP(A3150,'From Ilsy'!$A$2:$C$1406,3,FALSE),"") -> *BRAZILIAN CHERRY 5" NATURAL | C3150: =IFERROR(VLOOKUP(A3150,'From Ilsy'!$A$2:$B$1406,2,FALSE),"") -> GII DISTRESSED | D3150: 2401 | E3150: =IFERROR(VLOOKUP(A3150,'From Ilsy'!$A$2:$D$1406,4,FALSE),999999) -> 112 | F3150: =IF(E3150=999999,VLOOKUP(D3150,'Manual by Vendor'!$A$2:$C$295,3,FALSE),E3150) -> 112 | G3150: =VLOOKUP(A3150,Query2[[00001]:[IMLT]],2,FALSE) -> 19 | I3150: =IF(E3150=999999,IF(F3150=999999,G3150,F3150),E3150) -> 112 | J3150: 1102.5 | K3150: 14
A3151: GNIIB542 | B3151: =IFERROR(VLOOKUP(A3151,'From Ilsy'!$A$2:$C$1406,3,FALSE),"") -> *BRAZILIAN CHERRY 5" SEDONA | C3151: =IFERROR(VLOOKUP(A3151,'From Ilsy'!$A$2:$B$1406,2,FALSE),"") -> GII DISTRESSED | D3151: 2401 | E3151: =IFERROR(VLOOKUP(A3151,'From Ilsy'!$A$2:$D$1406,4,FALSE),999999) -> 112 | F3151: =IF(E3151=999999,VLOOKUP(D3151,'Manual by Vendor'!$A$2:$C$295,3,FALSE),E3151) -> 112 | G3151: =VLOOKUP(A3151,Query2[[00001]:[IMLT]],2,FALSE) -> 15 | I3151: =IF(E3151=999999,IF(F3151=999999,G3151,F3151),E3151) -> 112 | J3151: 1102.5 | K3151: 14
A3152: GNIIB552 | B3152: =IFERROR(VLOOKUP(A3152,'From Ilsy'!$A$2:$C$1406,3,FALSE),"") -> BRAZILIAN CHERRY 5" WENGE | C3152: =IFERROR(VLOOKUP(A3152,'From Ilsy'!$A$2:$B$1406,2,FALSE),"") -> GII DISTRESSED | D3152: 2109 | E3152: =IFERROR(VLOOKUP(A3152,'From Ilsy'!$A$2:$D$1406,4,FALSE),999999) -> 112 | F3152: =IF(E3152=999999,VLOOKUP(D3152,'Manual by Vendor'!$A$2:$C$295,3,FALSE),E3152) -> 112 | G3152: =VLOOKUP(A3152,Query2[[00001]:[IMLT]],2,FALSE) -> 0 | I3152: =IF(E3152=999999,IF(F3152=999999,G3152,F3152),E3152) -> 112 | J3152: 1102.5 | K3152: 14
A3153: GNIIM506 | B3153: =IFERROR(VLOOKUP(A3153,'From Ilsy'!$A$2:$C$1406,3,FALSE),"") -> MAPLE 5" CHESTNUT DISTRESSED | C3153: =IFERROR(VLOOKUP(A3153,'From Ilsy'!$A$2:$B$1406,2,FALSE),"") -> GII DISTRESSED | D3153: 450 | E3153: =IFERROR(VLOOKUP(A3153,'From Ilsy'!$A$2:$D$1406,4,FALSE),999999) -> 112 | F3153: =IF(E3153=999999,VLOOKUP(D3153,'Manual by Vendor'!$A$2:$C$295,3,FALSE),E3153) -> 112 | G3153: =VLOOKUP(A3153,Query2[[00001]:[IMLT]],2,FALSE) -> 10 | I3153: =IF(E3153=999999,IF(F3153=999999,G3153,F3153),E3153) -> 112 | J3153: 1102.5 | K3153: 14
A3154: GNIIM508 | B3154: =IFERROR(VLOOKUP(A3154,'From Ilsy'!$A$2:$C$1406,3,FALSE),"") -> MAPLE 5" ESPRESSO DISTRESSED | C3154: =IFERROR(VLOOKUP(A3154,'From Ilsy'!$A$2:$B$1406,2,FALSE),"") -> GII DISTRESSED | D3154: 450 | E3154: =IFERROR(VLOOKUP(A3154,'From Ilsy'!$A$2:$D$1406,4,FALSE),999999) -> 112 | F3154: =IF(E3154=999999,VLOOKUP(D3154,'Manual by Vendor'!$A$2:$C$295,3,FALSE),E3154) -> 112 | G3154: =VLOOKUP(A3154,Query2[[00001]:[IMLT]],2,FALSE) -> 17 | I3154: =IF(E3154=999999,IF(F3154=999999,G3154,F3154),E3154) -> 112 | J3154: 1102.5 | K3154: 14
A3155: GNIIM517 | B3155: =IFERROR(VLOOKUP(A3155,'From Ilsy'!$A$2:$C$1406,3,FALSE),"") -> MAPLE 5" HARVEST | C3155: =IFERROR(VLOOKUP(A3155,'From Ilsy'!$A$2:$B$1406,2,FALSE),"") -> GII DISTRESSED | D3155: 2401 | E3155: =IFERROR(VLOOKUP(A3155,'From Ilsy'!$A$2:$D$1406,4,FALSE),999999) -> 112 | F3155: =IF(E3155=999999,VLOOKUP(D3155,'Manual by Vendor'!$A$2:$C$295,3,FALSE),E3155) -> 112 | G3155: =VLOOKUP(A3155,Query2[[00001]:[IMLT]],2,FALSE) -> 58 | I3155: =IF(E3155=999999,IF(F3155=999999,G3155,F3155),E3155) -> 112 | J3155: 1102.5 | K3155: 14
A3156: GNIIM554 | B3156: =IFERROR(VLOOKUP(A3156,'From Ilsy'!$A$2:$C$1406,3,FALSE),"") -> MAPLE 5" WHEAT DISTRESSED | C3156: =IFERROR(VLOOKUP(A3156,'From Ilsy'!$A$2:$B$1406,2,FALSE),"") -> GII DISTRESSED | D3156: 450 | E3156: =IFERROR(VLOOKUP(A3156,'From Ilsy'!$A$2:$D$1406,4,FALSE),999999) -> 112 | F3156: =IF(E3156=999999,VLOOKUP(D3156,'Manual by Vendor'!$A$2:$C$295,3,FALSE),E3156) -> 112 | G3156: =VLOOKUP(A3156,Query2[[00001]:[IMLT]],2,FALSE) -> 4 | I3156: =IF(E3156=999999,IF(F3156=999999,G3156,F3156),E3156) -> 112 | J3156: 1102.5 | K3156: 14
A3157: GNIIW538 | B3157: =IFERROR(VLOOKUP(A3157,'From Ilsy'!$A$2:$C$1406,3,FALSE),"") -> WALNUT 5" NATURAL DISTRESSED | C3157: =IFERROR(VLOOKUP(A3157,'From Ilsy'!$A$2:$B$1406,2,FALSE),"") -> GII DISTRESSED | D3157: 450 | E3157: =IFERROR(VLOOKUP(A3157,'From Ilsy'!$A$2:$D$1406,4,FALSE),999999) -> 112 | F3157: =IF(E3157=999999,VLOOKUP(D3157,'Manual by Vendor'!$A$2:$C$295,3,FALSE),E3157) -> 112 | G3157: =VLOOKUP(A3157,Query2[[00001]:[IMLT]],2,FALSE) -> 30 | I3157: =IF(E3157=999999,IF(F3157=999999,G3157,F3157),E3157) -> 112 | J3157: 1102.5 | K3157: 14
A3158: GNIIW519 | B3158: =IFERROR(VLOOKUP(A3158,'From Ilsy'!$A$2:$C$1406,3,FALSE),"") -> WALNUT 5" SABLE | C3158: =IFERROR(VLOOKUP(A3158,'From Ilsy'!$A$2:$B$1406,2,FALSE),"") -> GII DISTRESSED | D3158: 2401 | E3158: =IFERROR(VLOOKUP(A3158,'From Ilsy'!$A$2:$D$1406,4,FALSE),999999) -> 112 | F3158: =IF(E3158=999999,VLOOKUP(D3158,'Manual by Vendor'!$A$2:$C$295,3,FALSE),E3158) -> 112 | G3158: =VLOOKUP(A3158,Query2[[00001]:[IMLT]],2,FALSE) -> 39 | I3158: =IF(E3158=999999,IF(F3158=999999,G3158,F3158),E3158) -> 112 | J3158: 1102.5 | K3158: 14
A3159: UWBA72HC | B3159: =IFERROR(VLOOKUP(A3159,'From Ilsy'!$A$2:$C$1406,3,FALSE),"") | C3159: =IFERROR(VLOOKUP(A3159,'From Ilsy'!$A$2:$B$1406,2,FALSE),"") | D3159: 2109 | E3159: =IFERROR(VLOOKUP(A3159,'From Ilsy'!$A$2:$D$1406,4,FALSE),999999) -> 999999 | F3159: =IF(E3159=999999,VLOOKUP(D3159,'Manual by Vendor'!$A$2:$C$295,3,FALSE),E3159) -> 999999 | G3159: =VLOOKUP(A3159,Query2[[00001]:[IMLT]],2,FALSE) -> 0 | I3159: =IF(E3159=999999,IF(F3159=999999,G3159,F3159),E3159) -> 0
A3160: UWBA72HN | B3160: =IFERROR(VLOOKUP(A3160,'From Ilsy'!$A$2:$C$1406,3,FALSE),"") | C3160: =IFERROR(VLOOKUP(A3160,'From Ilsy'!$A$2:$B$1406,2,FALSE),"") | D3160: 2109 | E3160: =IFERROR(VLOOKUP(A3160,'From Ilsy'!$A$2:$D$1406,4,FALSE),999999) -> 999999 | F3160: =IF(E3160=999999,VLOOKUP(D3160,'Manual by Vendor'!$A$2:$C$295,3,FALSE),E3160) -> 999999 | G3160: =VLOOKUP(A3160,Query2[[00001]:[IMLT]],2,FALSE) -> 0 | I3160: =IF(E3160=999999,IF(F3160=999999,G3160,F3160),E3160) -> 0
A3161: UWBA36HC | B3161: =IFERROR(VLOOKUP(A3161,'From Ilsy'!$A$2:$C$1406,3,FALSE),"") | C3161: =IFERROR(VLOOKUP(A3161,'From Ilsy'!$A$2:$B$1406,2,FALSE),"") | D3161: 2109 | E3161: =IFERROR(VLOOKUP(A3161,'From Ilsy'!$A$2:$D$1406,4,FALSE),999999) -> 999999 | F3161: =IF(E3161=999999,VLOOKUP(D3161,'Manual by Vendor'!$A$2:$C$295,3,FALSE),E3161) -> 999999 | G3161: =VLOOKUP(A3161,Query2[[00001]:[IMLT]],2,FALSE) -> 1 | I3161: =IF(E3161=999999,IF(F3161=999999,G3161,F3161),E3161) -> 1
A3162: UWBA36VC | B3162: =IFERROR(VLOOKUP(A3162,'From Ilsy'!$A$2:$C$1406,3,FALSE),"") | C3162: =IFERROR(VLOOKUP(A3162,'From Ilsy'!$A$2:$B$1406,2,FALSE),"") | D3162: 2109 | E3162: =IFERROR(VLOOKUP(A3162,'From Ilsy'!$A$2:$D$1406,4,FALSE),999999) -> 999999 | F3162: =IF(E3162=999999,VLOOKUP(D3162,'Manual by Vendor'!$A$2:$C$295,3,FALSE),E3162) -> 999999 | G3162: =VLOOKUP(A3162,Query2[[00001]:[IMLT]],2,FALSE) -> 1 | I3162: =IF(E3162=999999,IF(F3162=999999,G3162,F3162),E3162) -> 1
A3163: UWBA36HN | B3163: =IFERROR(VLOOKUP(A3163,'From Ilsy'!$A$2:$C$1406,3,FALSE),"") | C3163: =IFERROR(VLOOKUP(A3163,'From Ilsy'!$A$2:$B$1406,2,FALSE),"") | D3163: 2109 | E3163: =IFERROR(VLOOKUP(A3163,'From Ilsy'!$A$2:$D$1406,4,FALSE),999999) -> 999999 | F3163: =IF(E3163=999999,VLOOKUP(D3163,'Manual by Vendor'!$A$2:$C$295,3,FALSE),E3163) -> 999999 | G3163: =VLOOKUP(A3163,Query2[[00001]:[IMLT]],2,FALSE) -> 0 | I3163: =IF(E3163=999999,IF(F3163=999999,G3163,F3163),E3163) -> 0
A3164: UWBA36VN | B3164: =IFERROR(VLOOKUP(A3164,'From Ilsy'!$A$2:$C$1406,3,FALSE),"") | C3164: =IFERROR(VLOOKUP(A3164,'From Ilsy'!$A$2:$B$1406,2,FALSE),"") | D3164: 2109 | E3164: =IFERROR(VLOOKUP(A3164,'From Ilsy'!$A$2:$D$1406,4,FALSE),999999) -> 999999 | F3164: =IF(E3164=999999,VLOOKUP(D3164,'Manual by Vendor'!$A$2:$C$295,3,FALSE),E3164) -> 999999 | G3164: =VLOOKUP(A3164,Query2[[00001]:[IMLT]],2,FALSE) -> 1 | I3164: =IF(E3164=999999,IF(F3164=999999,G3164,F3164),E3164) -> 1
A3165: GNIIO513 | B3165: =IFERROR(VLOOKUP(A3165,'From Ilsy'!$A$2:$C$1406,3,FALSE),"") -> WHITE OAK 5" AUTUMN DISTRESSED | C3165: =IFERROR(VLOOKUP(A3165,'From Ilsy'!$A$2:$B$1406,2,FALSE),"") -> GII DISTRESSED | D3165: 450 | E3165: =IFERROR(VLOOKUP(A3165,'From Ilsy'!$A$2:$D$1406,4,FALSE),999999) -> 112 | F3165: =IF(E3165=999999,VLOOKUP(D3165,'Manual by Vendor'!$A$2:$C$295,3,FALSE),E3165) -> 112 | G3165: =VLOOKUP(A3165,Query2[[00001]:[IMLT]],2,FALSE) -> 26 | I3165: =IF(E3165=999999,IF(F3165=999999,G3165,F3165),E3165) -> 112 | J3165: 1102.5 | K3165: 14
A3166: GNIIO521 | B3166: =IFERROR(VLOOKUP(A3166,'From Ilsy'!$A$2:$C$1406,3,FALSE),"") -> *WHITE OAK 5" TOBACCO | C3166: =IFERROR(VLOOKUP(A3166,'From Ilsy'!$A$2:$B$1406,2,FALSE),"") -> GII DISTRESSED | D3166: 2109 | E3166: =IFERROR(VLOOKUP(A3166,'From Ilsy'!$A$2:$D$1406,4,FALSE),999999) -> 112 | F3166: =IF(E3166=999999,VLOOKUP(D3166,'Manual by Vendor'!$A$2:$C$295,3,FALSE),E3166) -> 112 | G3166: =VLOOKUP(A3166,Query2[[00001]:[IMLT]],2,FALSE) -> 4 | I3166: =IF(E3166=999999,IF(F3166=999999,G3166,F3166),E3166) -> 112 | J3166: 1102.5 | K3166: 14
A3167: GNII5SBM06 | B3167: =IFERROR(VLOOKUP(A3167,'From Ilsy'!$A$2:$C$1406,3,FALSE),"") | C3167: =IFERROR(VLOOKUP(A3167,'From Ilsy'!$A$2:$B$1406,2,FALSE),"") | D3167: 2401 | E3167: =IFERROR(VLOOKUP(A3167,'From Ilsy'!$A$2:$D$1406,4,FALSE),999999) -> 999999 | F3167: =IF(E3167=999999,VLOOKUP(D3167,'Manual by Vendor'!$A$2:$C$295,3,FALSE),E3167) -> 999999 | G3167: =VLOOKUP(A3167,Query2[[00001]:[IMLT]],2,FALSE) -> 48 | I3167: =IF(E3167=999999,IF(F3167=999999,G3167,F3167),E3167) -> 48
A3168: GNII5SBM08 | B3168: =IFERROR(VLOOKUP(A3168,'From Ilsy'!$A$2:$C$1406,3,FALSE),"") | C3168: =IFERROR(VLOOKUP(A3168,'From Ilsy'!$A$2:$B$1406,2,FALSE),"") | D3168: 2401 | E3168: =IFERROR(VLOOKUP(A3168,'From Ilsy'!$A$2:$D$1406,4,FALSE),999999) -> 999999 | F3168: =IF(E3168=999999,VLOOKUP(D3168,'Manual by Vendor'!$A$2:$C$295,3,FALSE),E3168) -> 999999 | G3168: =VLOOKUP(A3168,Query2[[00001]:[IMLT]],2,FALSE) -> 48 | I3168: =IF(E3168=999999,IF(F3168=999999,G3168,F3168),E3168) -> 48
A3169: GNII5SBM17 | B3169: =IFERROR(VLOOKUP(A3169,'From Ilsy'!$A$2:$C$1406,3,FALSE),"") | C3169: =IFERROR(VLOOKUP(A3169,'From Ilsy'!$A$2:$B$1406,2,FALSE),"") | D3169: 2401 | E3169: =IFERROR(VLOOKUP(A3169,'From Ilsy'!$A$2:$D$1406,4,FALSE),999999) -> 999999 | F3169: =IF(E3169=999999,VLOOKUP(D3169,'Manual by Vendor'!$A$2:$C$295,3,FALSE),E3169) -> 999999 | G3169: =VLOOKUP(A3169,Query2[[00001]:[IMLT]],2,FALSE) -> 69 | I3169: =IF(E3169=999999,IF(F3169=999999,G3169,F3169),E3169) -> 69
A3170: GNII5SBM54 | B3170: =IFERROR(VLOOKUP(A3170,'From Ilsy'!$A$2:$C$1406,3,FALSE),"") | C3170: =IFERROR(VLOOKUP(A3170,'From Ilsy'!$A$2:$B$1406,2,FALSE),"") | D3170: 2401 | E3170: =IFERROR(VLOOKUP(A3170,'From Ilsy'!$A$2:$D$1406,4,FALSE),999999) -> 999999 | F3170: =IF(E3170=999999,VLOOKUP(D3170,'Manual by Vendor'!$A$2:$C$295,3,FALSE),E3170) -> 999999 | G3170: =VLOOKUP(A3170,Query2[[00001]:[IMLT]],2,FALSE) -> 48 | I3170: =IF(E3170=999999,IF(F3170=999999,G3170,F3170),E3170) -> 48
A3171: GNII5SBW38 | B3171: =IFERROR(VLOOKUP(A3171,'From Ilsy'!$A$2:$C$1406,3,FALSE),"") | C3171: =IFERROR(VLOOKUP(A3171,'From Ilsy'!$A$2:$B$1406,2,FALSE),"") | D3171: 2401 | E3171: =IFERROR(VLOOKUP(A3171,'From Ilsy'!$A$2:$D$1406,4,FALSE),999999) -> 999999 | F3171: =IF(E3171=999999,VLOOKUP(D3171,'Manual by Vendor'!$A$2:$C$295,3,FALSE),E3171) -> 999999 | G3171: =VLOOKUP(A3171,Query2[[00001]:[IMLT]],2,FALSE) -> 48 | I3171: =IF(E3171=999999,IF(F3171=999999,G3171,F3171),E3171) -> 48
A3172: GNII5SBW19 | B3172: =IFERROR(VLOOKUP(A3172,'From Ilsy'!$A$2:$C$1406,3,FALSE),"") | C3172: =IFERROR(VLOOKUP(A3172,'From Ilsy'!$A$2:$B$1406,2,FALSE),"") | D3172: 2401 | E3172: =IFERROR(VLOOKUP(A3172,'From Ilsy'!$A$2:$D$1406,4,FALSE),999999) -> 999999 | F3172: =IF(E3172=999999,VLOOKUP(D3172,'Manual by Vendor'!$A$2:$C$295,3,FALSE),E3172) -> 999999 | G3172: =VLOOKUP(A3172,Query2[[00001]:[IMLT]],2,FALSE) -> 48 | I3172: =IF(E3172=999999,IF(F3172=999999,G3172,F3172),E3172) -> 48
A3173: GNII5SBO13 | B3173: =IFERROR(VLOOKUP(A3173,'From Ilsy'!$A$2:$C$1406,3,FALSE),"") | C3173: =IFERROR(VLOOKUP(A3173,'From Ilsy'!$A$2:$B$1406,2,FALSE),"") | D3173: 2401 | E3173: =IFERROR(VLOOKUP(A3173,'From Ilsy'!$A$2:$D$1406,4,FALSE),999999) -> 999999 | F3173: =IF(E3173=999999,VLOOKUP(D3173,'Manual by Vendor'!$A$2:$C$295,3,FALSE),E3173) -> 999999 | G3173: =VLOOKUP(A3173,Query2[[00001]:[IMLT]],2,FALSE) -> 48 | I3173: =IF(E3173=999999,IF(F3173=999999,G3173,F3173),E3173) -> 48
A3174: GNII5SBB38 | B3174: =IFERROR(VLOOKUP(A3174,'From Ilsy'!$A$2:$C$1406,3,FALSE),"") | C3174: =IFERROR(VLOOKUP(A3174,'From Ilsy'!$A$2:$B$1406,2,FALSE),"") | D3174: 2401 | E3174: =IFERROR(VLOOKUP(A3174,'From Ilsy'!$A$2:$D$1406,4,FALSE),999999) -> 999999 | F3174: =IF(E3174=999999,VLOOKUP(D3174,'Manual by Vendor'!$A$2:$C$295,3,FALSE),E3174) -> 999999 | G3174: =VLOOKUP(A3174,Query2[[00001]:[IMLT]],2,FALSE) -> 48 | I3174: =IF(E3174=999999,IF(F3174=999999,G3174,F3174),E3174) -> 48
A3175: GNII5SBB42 | B3175: =IFERROR(VLOOKUP(A3175,'From Ilsy'!$A$2:$C$1406,3,FALSE),"") | C3175: =IFERROR(VLOOKUP(A3175,'From Ilsy'!$A$2:$B$1406,2,FALSE),"") | D3175: 2401 | E3175: =IFERROR(VLOOKUP(A3175,'From Ilsy'!$A$2:$D$1406,4,FALSE),999999) -> 999999 | F3175: =IF(E3175=999999,VLOOKUP(D3175,'Manual by Vendor'!$A$2:$C$295,3,FALSE),E3175) -> 999999 | G3175: =VLOOKUP(A3175,Query2[[00001]:[IMLT]],2,FALSE) -> 48 | I3175: =IF(E3175=999999,IF(F3175=999999,G3175,F3175),E3175) -> 48
A3176: GNII5SBB52 | B3176: =IFERROR(VLOOKUP(A3176,'From Ilsy'!$A$2:$C$1406,3,FALSE),"") | C3176: =IFERROR(VLOOKUP(A3176,'From Ilsy'!$A$2:$B$1406,2,FALSE),"") | D3176: 1008 | E3176: =IFERROR(VLOOKUP(A3176,'From Ilsy'!$A$2:$D$1406,4,FALSE),999999) -> 999999 | F3176: =IF(E3176=999999,VLOOKUP(D3176,'Manual by Vendor'!$A$2:$C$295,3,FALSE),E3176) -> 999999 | G3176: =VLOOKUP(A3176,Query2[[00001]:[IMLT]],2,FALSE) -> 6 | I3176: =IF(E3176=999999,IF(F3176=999999,G3176,F3176),E3176) -> 6
A3177: GCNOBN00 | B3177: =IFERROR(VLOOKUP(A3177,'From Ilsy'!$A$2:$C$1406,3,FALSE),"") | C3177: =IFERROR(VLOOKUP(A3177,'From Ilsy'!$A$2:$B$1406,2,FALSE),"") | D3177: 1008 | E3177: =IFERROR(VLOOKUP(A3177,'From Ilsy'!$A$2:$D$1406,4,FALSE),999999) -> 999999 | F3177: =IF(E3177=999999,VLOOKUP(D3177,'Manual by Vendor'!$A$2:$C$295,3,FALSE),E3177) -> 999999 | G3177: =VLOOKUP(A3177,Query2[[00001]:[IMLT]],2,FALSE) -> 7 | I3177: =IF(E3177=999999,IF(F3177=999999,G3177,F3177),E3177) -> 7
A3178: GCREMN06 | B3178: =IFERROR(VLOOKUP(A3178,'From Ilsy'!$A$2:$C$1406,3,FALSE),"") | C3178: =IFERROR(VLOOKUP(A3178,'From Ilsy'!$A$2:$B$1406,2,FALSE),"") | D3178: 222 | E3178: =IFERROR(VLOOKUP(A3178,'From Ilsy'!$A$2:$D$1406,4,FALSE),999999) -> 999999 | F3178: =IF(E3178=999999,VLOOKUP(D3178,'Manual by Vendor'!$A$2:$C$295,3,FALSE),E3178) -> 14 | G3178: =VLOOKUP(A3178,Query2[[00001]:[IMLT]],2,FALSE) -> 102 | I3178: =IF(E3178=999999,IF(F3178=999999,G3178,F3178),E3178) -> 14
... A3196: GCREWN23 | B3196: =IFERROR(VLOOKUP(A3196,'From Ilsy'!$A$2:$C$1406,3,FALSE),"") | C3196: =IFERROR(VLOOKUP(A3196,'From Ilsy'!$A$2:$B$1406,2,FALSE),"") | D3196: 2401 | E3196: =IFERROR(VLOOKUP(A3196,'From Ilsy'!$A$2:$D$1406,4,FALSE),999999) -> 999999 | F3196: =IF(E3196=999999,VLOOKUP(D3196,'Manual by Vendor'!$A$2:$C$295,3,FALSE),E3196) -> 999999 | G3196: =VLOOKUP(A3196,Query2[[00001]:[IMLT]],2,FALSE) -> 10 | I3196: =IF(E3196=999999,IF(F3196=999999,G3196,F3196),E3196) -> 10
A3197: GNIIW523 | B3197: =IFERROR(VLOOKUP(A3197,'From Ilsy'!$A$2:$C$1406,3,FALSE),"") -> WALNUT 5" ANTIQUE DISTRESSED | C3197: =IFERROR(VLOOKUP(A3197,'From Ilsy'!$A$2:$B$1406,2,FALSE),"") -> GII DISTRESSED | D3197: 450 | E3197: =IFERROR(VLOOKUP(A3197,'From Ilsy'!$A$2:$D$1406,4,FALSE),999999) -> 112 | F3197: =IF(E3197=999999,VLOOKUP(D3197,'Manual by Vendor'!$A$2:$C$295,3,FALSE),E3197) -> 112 | G3197: =VLOOKUP(A3197,Query2[[00001]:[IMLT]],2,FALSE) -> 36 | I3197: =IF(E3197=999999,IF(F3197=999999,G3197,F3197),E3197) -> 112 | J3197: 1102.5 | K3197: 14
A3198: GCGAH523 | B3198: =IFERROR(VLOOKUP(A3198,'From Ilsy'!$A$2:$C$1406,3,FALSE),"") | C3198: =IFERROR(VLOOKUP(A3198,'From Ilsy'!$A$2:$B$1406,2,FALSE),"") | D3198: 1611 | E3198: =IFERROR(VLOOKUP(A3198,'From Ilsy'!$A$2:$D$1406,4,FALSE),999999) -> 999999 | F3198: =IF(E3198=999999,VLOOKUP(D3198,'Manual by Vendor'!$A$2:$C$295,3,FALSE),E3198) -> 8 | G3198: =VLOOKUP(A3198,Query2[[00001]:[IMLT]],2,FALSE) -> 0 | I3198: =IF(E3198=999999,IF(F3198=999999,G3198,F3198),E3198) -> 8
A3199: GCBSWH23 | B3199: =IFERROR(VLOOKUP(A3199,'From Ilsy'!$A$2:$C$1406,3,FALSE),"") | C3199: =IFERROR(VLOOKUP(A3199,'From Ilsy'!$A$2:$B$1406,2,FALSE),"") | D3199: 2401 | E3199: =IFERROR(VLOOKUP(A3199,'From Ilsy'!$A$2:$D$1406,4,FALSE),999999) -> 999999 | F3199: =IF(E3199=999999,VLOOKUP(D3199,'Manual by Vendor'!$A$2:$C$295,3,FALSE),E3199) -> 999999 | G3199: =VLOOKUP(A3199,Query2[[00001]:[IMLT]],2,FALSE) -> 8 | I3199: =IF(E3199=999999,IF(F3199=999999,G3199,F3199),E3199) -> 8
A3200: GCGAW523 | B3200: =IFERROR(VLOOKUP(A3200,'From Ilsy'!$A$2:$C$1406,3,FALSE),"") | C3200: =IFERROR(VLOOKUP(A3200,'From Ilsy'!$A$2:$B$1406,2,FALSE),"") | D3200: 0 | E3200: =IFERROR(VLOOKUP(A3200,'From Ilsy'!$A$2:$D$1406,4,FALSE),999999) -> 999999 | F3200: =IF(E3200=999999,VLOOKUP(D3200,'Manual by Vendor'!$A$2:$C$295,3,FALSE),E3200) -> 999999 | G3200: =VLOOKUP(A3200,Query2[[00001]:[IMLT]],2,FALSE) -> 12 | I3200: =IF(E3200=999999,IF(F3200=999999,G3200,F3200),E3200) -> 12
A3201: GCNOHH23 | B3201: =IFERROR(VLOOKUP(A3201,'From Ilsy'!$A$2:$C$1406,3,FALSE),"") | C3201: =IFERROR(VLOOKUP(A3201,'From Ilsy'!$A$2:$B$1406,2,FALSE),"") | D3201: 2401 | E3201: =IFERROR(VLOOKUP(A3201,'From Ilsy'!$A$2:$D$1406,4,FALSE),999999) -> 999999 | F3201: =IF(E3201=999999,VLOOKUP(D3201,'Manual by Vendor'!$A$2:$C$295,3,FALSE),E3201) -> 999999 | G3201: =VLOOKUP(A3201,Query2[[00001]:[IMLT]],2,FALSE) -> 0 | I3201: =IF(E3201=999999,IF(F3201=999999,G3201,F3201),E3201) -> 0
A3202: GCNOWN38 | B3202: =IFERROR(VLOOKUP(A3202,'From Ilsy'!$A$2:$C$1406,3,FALSE),"") | C3202: =IFERROR(VLOOKUP(A3202,'From Ilsy'!$A$2:$B$1406,2,FALSE),"") | D3202: 222 | E3202: =IFERROR(VLOOKUP(A3202,'From Ilsy'!$A$2:$D$1406,4,FALSE),999999) -> 999999 | F3202: =IF(E3202=999999,VLOOKUP(D3202,'Manual by Vendor'!$A$2:$C$295,3,FALSE),E3202) -> 14 | G3202: =VLOOKUP(A3202,Query2[[00001]:[IMLT]],2,FALSE) -> 24 | I3202: =IF(E3202=999999,IF(F3202=999999,G3202,F3202),E3202) -> 14
A3203: GCNOWN19 | B3203: =IFERROR(VLOOKUP(A3203,'From Ilsy'!$A$2:$C$1406,3,FALSE),"") | C3203: =IFERROR(VLOOKUP(A3203,'From Ilsy'!$A$2:$B$1406,2,FALSE),"") | D3203: 1611 | E3203: =IFERROR(VLOOKUP(A3203,'From Ilsy'!$A$2:$D$1406,4,FALSE),999999) -> 999999 | F3203: =IF(E3203=999999,VLOOKUP(D3203,'Manual by Vendor'!$A$2:$C$295,3,FALSE),E3203) -> 8 | G3203: =VLOOKUP(A3203,Query2[[00001]:[IMLT]],2,FALSE) -> 16 | I3203: =IF(E3203=999999,IF(F3203=999999,G3203,F3203),E3203) -> 8
A3204: GCNOON13 | B3204: =IFERROR(VLOOKUP(A3204,'From Ilsy'!$A$2:$C$1406,3,FALSE),"") | C3204: =IFERROR(VLOOKUP(A3204,'From Ilsy'!$A$2:$B$1406,2,FALSE),"") | D3204: 1611 | E3204: =IFERROR(VLOOKUP(A3204,'From Ilsy'!$A$2:$D$1406,4,FALSE),999999) -> 999999 | F3204: =IF(E3204=999999,VLOOKUP(D3204,'Manual by Vendor'!$A$2:$C$295,3,FALSE),E3204) -> 8 | G3204: =VLOOKUP(A3204,Query2[[00001]:[IMLT]],2,FALSE) -> 18 | I3204: =IF(E3204=999999,IF(F3204=999999,G3204,F3204),E3204) -> 8
A3205: GCNOBN38 | B3205: =IFERROR(VLOOKUP(A3205,'From Ilsy'!$A$2:$C$1406,3,FALSE),"") | C3205: =IFERROR(VLOOKUP(A3205,'From Ilsy'!$A$2:$B$1406,2,FALSE),"") | D3205: 1008 | E3205: =IFERROR(VLOOKUP(A3205,'From Ilsy'!$A$2:$D$1406,4,FALSE),999999) -> 999999 | F3205: =IF(E3205=999999,VLOOKUP(D3205,'Manual by Vendor'!$A$2:$C$295,3,FALSE),E3205) -> 999999 | G3205: =VLOOKUP(A3205,Query2[[00001]:[IMLT]],2,FALSE) -> 5 | I3205: =IF(E3205=999999,IF(F3205=999999,G3205,F3205),E3205) -> 5
A3206: GCNOBN42 | B3206: =IFERROR(VLOOKUP(A3206,'From Ilsy'!$A$2:$C$1406,3,FALSE),"") | C3206: =IFERROR(VLOOKUP(A3206,'From Ilsy'!$A$2:$B$1406,2,FALSE),"") | D3206: 2401 | E3206: =IFERROR(VLOOKUP(A3206,'From Ilsy'!$A$2:$D$1406,4,FALSE),999999) -> 999999 | F3206: =IF(E3206=999999,VLOOKUP(D3206,'Manual by Vendor'!$A$2:$C$295,3,FALSE),E3206) -> 999999 | G3206: =VLOOKUP(A3206,Query2[[00001]:[IMLT]],2,FALSE) -> 7 | I3206: =IF(E3206=999999,IF(F3206=999999,G3206,F3206),E3206) -> 7
A3207: GCNOBN52 | B3207: =IFERROR(VLOOKUP(A3207,'From Ilsy'!$A$2:$C$1406,3,FALSE),"") | C3207: =IFERROR(VLOOKUP(A3207,'From Ilsy'!$A$2:$B$1406,2,FALSE),"") | D3207: 2401 | E3207: =IFERROR(VLOOKUP(A3207,'From Ilsy'!$A$2:$D$1406,4,FALSE),999999) -> 999999 | F3207: =IF(E3207=999999,VLOOKUP(D3207,'Manual by Vendor'!$A$2:$C$295,3,FALSE),E3207) -> 999999 | G3207: =VLOOKUP(A3207,Query2[[00001]:[IMLT]],2,FALSE) -> 0 | I3207: =IF(E3207=999999,IF(F3207=999999,G3207,F3207),E3207) -> 0
A3208: GCNOMN06 | B3208: =IFERROR(VLOOKUP(A3208,'From Ilsy'!$A$2:$C$1406,3,FALSE),"") | C3208: =IFERROR(VLOOKUP(A3208,'From Ilsy'!$A$2:$B$1406,2,FALSE),"") | D3208: 222 | E3208: =IFERROR(VLOOKUP(A3208,'From Ilsy'!$A$2:$D$1406,4,FALSE),999999) -> 999999 | F3208: =IF(E3208=999999,VLOOKUP(D3208,'Manual by Vendor'!$A$2:$C$295,3,FALSE),E3208) -> 14 | G3208: =VLOOKUP(A3208,Query2[[00001]:[IMLT]],2,FALSE) -> 91 | I3208: =IF(E3208=999999,IF(F3208=999999,G3208,F3208),E3208) -> 14
A3209: GCNOMN08 | B3209: =IFERROR(VLOOKUP(A3209,'From Ilsy'!$A$2:$C$1406,3,FALSE),"") | C3209: =IFERROR(VLOOKUP(A3209,'From Ilsy'!$A$2:$B$1406,2,FALSE),"") | D3209: 222 | E3209: =IFERROR(VLOOKUP(A3209,'From Ilsy'!$A$2:$D$1406,4,FALSE),999999) -> 999999 | F3209: =IF(E3209=999999,VLOOKUP(D3209,'Manual by Vendor'!$A$2:$C$295,3,FALSE),E3209) -> 14 | G3209: =VLOOKUP(A3209,Query2[[00001]:[IMLT]],2,FALSE) -> 8 | I3209: =IF(E3209=999999,IF(F3209=999999,G3209,F3209),E3209) -> 14
...

Sheet Sheet1
A1: SKU | B1: LABEL
A2: RH112QOSNB-15 | B2: REGULAR UNFINISHED
A3: RH112QOSNB-24 | B3: REGULAR UNFINISHED
A4: RH112QRSNB-24 | B4: REGULAR UNFINISHED
A5: RH112SOSNB | B5: REGULAR UNFINISHED
A6: RH112SOSNB-15 | B6: REGULAR UNFINISHED
A7: RH112SOSNB-24 | B7: REGULAR UNFINISHED
A8: RH112SRSNB-15 | B8: REGULAR UNFINISHED
A9: RH112SRSNB-24 | B9: REGULAR UNFINISHED
A10: RH21OSNB | B10: REGULAR UNFINISHED
A11: RH21RS | B11: REGULAR UNFINISHED
A12: RH2QOSNB | B12: REGULAR UNFINISHED
... A46: RT2SRSNB-24 | B46: REGULAR UNFINISHED

Sheet From Ilsy
A1: IMXITM | B1: IMCOLLECT | C1: IMDESC | D1: Lead Time
A2: GCBSWH38 | B2: GARRISON DELUXE | C2: 1/2" BASESHOE NATURAL | D2: 999999
A3: GCBSHH38 | B3: GARRIOSON PLUS | C3: 1/2" BASESHOE NATURAL | D3: 999999
A4: GFALO7503 | B4: ALLORA | C4: EURO OAK 7.5" DOMA | D4: 120
A5: GFALO7501 | B5: ALLORA | C5: EURO OAK 7.5" ALTURA | D5: 120
A6: GFALO7502 | B6: ALLORA | C6: EURO OAK 7.5" ARIA | D6: 120
A7: GFALO7504 | B7: ALLORA | C7: EURO OAK 7.5" LUNA | D7: 120
A8: GFALO7506 | B8: ALLORA | C8: EURO OAK 7.5" STRADA | D8: 120
A9: GFALO7505 | B9: ALLORA | C9: EURO OAK 7.5" SELLA | D9: 120
A10: GFALO7507 | B10: ALLORA | C10: EURO OAK 7.5" VENTASSO | D10: 120
A11: GFALO7508 | B11: ALLORA | C11: EURO OAK 7.5" VOLTO | D11: 120
A12: GFALO7503S | B12: ALLORA | C12: EURO OAK 7.5" DOMA SELECT | D12: 120
A13: GFALO7504S | B13: ALLORA | C13: EURO OAK 7.5" LUNA SELECT | D13: 120
... A1406: LAMCDN8713 | B1406: MEGACLIC | C1406: 10MM 9.37" X 60" DAWSON | D1406: 7

Sheet Manual by Vendor
A1: Vendor Number | B1: Vendor Name | C1: Lead Time
A2: 0 | C2: 999999
A3: 1 | C3: 999999
A4: 2 | C4: 999999
A5: 3 | C5: 14
A6: 31 | C6: 31
A7: 101 | C7: 7
A8: 112 | C8: 21
A9: 113 | C9: 999999
A10: 114 | C10: 999999
A11: 115 | C11: 999999
A12: 116 | C12: 7
A13: 119 | C13: 21
... A295: 10016 | C295: 999999

Sheet Gartman Default
A1: 00001 | B1: IMLT | C1: IMVEND
A2: ABBO1027 | B2: 14 | C2: 216
A3: ABBO1028 | B3: 36 | C3: 216
A4: ABGS88561 | B4: 0 | C4: 3
A5: ABGS88562 | B5: 7 | C5: 3
A6: ABGS88638 | B6: 21 | C6: 3
A7: ABGS88639 | B7: 18 | C7: 3
A8: ACBUP809 | B8: 25 | C8: 272
A9: ACBU13000U | B9: 0 | C9: 3
A10: ACBU16000U | B10: 0 | C10: 1677
A11: ACCVPBPVO7M | B11: 0 | C11: 0
A12: ACCVPBPVO8 | B12: 0 | C12: 0
A13: ACCV100713 | B13: 0 | C13: 608
... A16839: ADSI749711 | B16839: 0 | C16839: 422
